{"cameraMode":{"drawMode":0,"name":"Shaded","section":"Shading Mode"},"sceneLighting":true,"audioPlay":false,"sceneViewState":{"showFog":true,"showMaterialUpdate":false,"showSkybox":true,"showFlares":true,"showImageEffects":true,"showParticleSystems":true},"in2DMode":false,"pivot":{"x":565.763427734375,"y":334.9039611816406,"z":537.99853515625},"rotation":{"x":-0.046792563050985339,"y":0.0005963837611488998,"z":-0.00002792161649267655,"w":-0.9989045262336731},"size":1499.22119140625,"orthographic":false}